{
  "IsEncrypted": false,
  "Values": {
    "WEBSITE_SLOT_NAME": "Production",
    "FUNCTIONS_EXTENSION_VERSION": "~1",
    "ScmType": "None",
    "WEBSITE_AUTH_ENABLED": "False",
    "REMOTEDEBUGGINGVERSION": "11.0.611103.400",
    "APPINSIGHTS_INSTRUMENTATIONKEY": "0c1221f9-9670-4ee8-9dbb-85485750dd10",
    "AzureWebJobsDashboard": "DefaultEndpointsProtocol=https;AccountName=gzazurefunctionsstorage;AccountKey=70GYx9psHLDTh+y4TBIYNb2OSkXRWy5JTIdFFGL7GY3EsrTnebs8ztsyEu3ro5ZEnOm1g8RmgbrlORpSQuJEjQ==",
    "WEBSITE_NODE_DEFAULT_VERSION": "6.5.0",
    "WEBSITE_CONTENTAZUREFILECONNECTIONSTRING": "DefaultEndpointsProtocol=https;AccountName=gzazurefunctionsstorage;AccountKey=70GYx9psHLDTh+y4TBIYNb2OSkXRWy5JTIdFFGL7GY3EsrTnebs8ztsyEu3ro5ZEnOm1g8RmgbrlORpSQuJEjQ==",
    "WEBSITE_CONTENTSHARE": "truncdblogsbaf6",
    "WEBSITE_SITE_NAME": "TruncDbLogs",
    "AzureWebJobsStorage": "DefaultEndpointsProtocol=https;AccountName=gzazurefunctionsstorage;AccountKey=70GYx9psHLDTh+y4TBIYNb2OSkXRWy5JTIdFFGL7GY3EsrTnebs8ztsyEu3ro5ZEnOm1g8RmgbrlORpSQuJEjQ=="
  }
}