{
  "IsEncrypted": false,
  "Values": {
    "HelpGmailUser": "help@greenzorro.com",
    "WEBSITE_SLOT_NAME": "Production",
    "FUNCTIONS_EXTENSION_VERSION": "~1",
    "ScmType": "None",
    "WEBSITE_AUTH_ENABLED": "False",
    "REMOTEDEBUGGINGVERSION": "11.0.611103.400",
    "APPINSIGHTS_INSTRUMENTATIONKEY": "2893d4ab-8e87-4741-9a55-14a1c76d5d45",
    "HostGmailUser": "hostmaster@greenzorro.com",
    "AzureWebJobsDashboard": "DefaultEndpointsProtocol=https;AccountName=gzazurefunctionsstorage;AccountKey=70GYx9psHLDTh+y4TBIYNb2OSkXRWy5JTIdFFGL7GY3EsrTnebs8ztsyEu3ro5ZEnOm1g8RmgbrlORpSQuJEjQ==",
    "WEBSITE_NODE_DEFAULT_VERSION": "6.5.0",
    "HostGmailPwd": "c9X6&jSBq%FS!$&roa^8",
    "WEBSITE_CONTENTAZUREFILECONNECTIONSTRING": "DefaultEndpointsProtocol=https;AccountName=gzazurefunctionsstorage;AccountKey=70GYx9psHLDTh+y4TBIYNb2OSkXRWy5JTIdFFGL7GY3EsrTnebs8ztsyEu3ro5ZEnOm1g8RmgbrlORpSQuJEjQ==",
    "WEBSITE_CONTENTSHARE": "gzfunctionsa26b",
    "WEBSITE_SITE_NAME": "gzFunctions",
    "HelpGmailPwd": "f87#Di!5rd8s6Cyr",
    "AzureWebJobsStorage": "DefaultEndpointsProtocol=https;AccountName=gzazurefunctionsstorage;AccountKey=70GYx9psHLDTh+y4TBIYNb2OSkXRWy5JTIdFFGL7GY3EsrTnebs8ztsyEu3ro5ZEnOm1g8RmgbrlORpSQuJEjQ=="
  }
}